242,0,0,0,0,0,0,0,0,4,M4 Team 2(Clone)5 (UnityEngine.GameObject),0,0,0,0,0,278,0,0,0,0,0,278,11/06/2020 19:54:17,11/06/2020 19:55:19,11/06/2020 19:55:19
252,0,0,0,0,0,0,0,0,4,M4 Team 2(Clone)10 (UnityEngine.GameObject),0,0,0,0,0,274,0,0,0,0,0,274,11/06/2020 20:29:12,11/06/2020 20:30:43,11/06/2020 20:30:43
252,0,0,0,0,0,0,0,0,4,M4 Team 2(Clone)8 (UnityEngine.GameObject),0,0,0,0,0,304,0,0,0,0,0,304,11/06/2020 20:29:12,11/06/2020 20:30:43,11/06/2020 20:30:43
354,0,0,0,0,0,0,0,0,6,M4 Team 2(Clone)6 (UnityEngine.GameObject),0,0,0,0,0,274,0,0,0,0,0,274,11/06/2020 20:31:53,11/06/2020 20:33:43,11/06/2020 20:33:43
354,0,0,0,0,0,0,0,0,6,M4 Team 2(Clone)6 (UnityEngine.GameObject),0,0,0,0,0,303,0,0,0,0,0,303,11/06/2020 20:31:53,11/06/2020 20:33:44,11/06/2020 20:33:44
354,0,0,0,0,0,0,0,0,6,M4 Team 2(Clone)6 (UnityEngine.GameObject),0,0,0,0,0,328,0,0,0,0,0,328,11/06/2020 20:31:53,11/06/2020 20:33:45,11/06/2020 20:33:45
180,0,0,0,0,0,0,0,0,3,M4 Team 2(Clone)8 (UnityEngine.GameObject),0,0,0,0,0,293,0,0,0,0,0,293,11/06/2020 20:41:56,11/06/2020 20:44:04,11/06/2020 20:44:04
0,0,0,0,0,0,0,0,0,0,M4 Team 2(Clone)7 (UnityEngine.GameObject),0,0,0,0,0,281,0,0,0,0,0,281,11/06/2020 20:49:50,11/06/2020 20:50:59,11/06/2020 20:50:59
0,0,0,0,0,0,0,0,0,0,M4 Team 2(Clone)3 (UnityEngine.GameObject),0,0,0,0,0,306,0,0,0,0,0,306,11/06/2020 20:49:50,11/06/2020 20:50:59,11/06/2020 20:50:59
0,0,0,0,0,0,0,0,0,0,M4 Team 2(Clone)8 (UnityEngine.GameObject),0,0,0,0,0,336,0,0,0,0,0,336,11/06/2020 20:49:50,11/06/2020 20:51:02,11/06/2020 20:51:02
0,0,0,0,0,0,0,0,0,0,M4 Team 2(Clone)6 (UnityEngine.GameObject),0,0,0,0,0,287,0,0,0,0,0,287,11/06/2020 20:59:58,11/06/2020 21:01:40,11/06/2020 21:01:40
0,0,0,0,0,0,0,0,0,0,M4 Team 2(Clone)10 (UnityEngine.GameObject),0,0,0,0,0,317,0,0,0,0,0,317,11/06/2020 20:59:58,11/06/2020 21:01:45,11/06/2020 21:01:45
0,0,0,0,0,0,0,0,0,0,M4 Team 2(Clone)3 (UnityEngine.GameObject),0,0,0,0,0,279,0,0,0,0,0,279,11/06/2020 21:05:31,11/06/2020 21:06:32,11/06/2020 21:06:32
0,0,0,0,0,0,0,0,0,0,M4 Team 2(Clone)3 (UnityEngine.GameObject),0,0,0,0,0,308,0,0,0,0,0,308,11/06/2020 21:05:31,11/06/2020 21:06:32,11/06/2020 21:06:32
0,0,0,0,0,0,0,0,0,0,M4 Team 2(Clone)5 (UnityEngine.GameObject),0,0,0,0,0,339,0,0,0,0,0,339,11/06/2020 21:05:31,11/06/2020 21:06:33,11/06/2020 21:06:33
0,0,0,0,0,0,0,0,0,0,M4 Team 2(Clone)10 (UnityEngine.GameObject),0,0,0,0,0,287,0,0,0,0,0,287,11/06/2020 21:08:48,11/06/2020 21:10:11,11/06/2020 21:10:11
0,0,0,0,0,0,0,0,0,0,M4 Team 2(Clone)11 (UnityEngine.GameObject),0,0,0,0,0,317,0,0,0,0,0,317,11/06/2020 21:08:48,11/06/2020 21:10:13,11/06/2020 21:10:13
0,0,0,0,0,0,0,0,0,0,M4 Team 2(Clone)10 (UnityEngine.GameObject),0,0,0,0,0,351,0,0,0,0,0,351,11/06/2020 21:08:48,11/06/2020 21:10:15,11/06/2020 21:10:15
0,0,0,0,0,0,0,0,0,0,M4 Team 2(Clone)2 (UnityEngine.GameObject),0,0,0,0,0,297,0,0,0,0,0,297,11/06/2020 21:16:13,11/06/2020 21:17:03,11/06/2020 21:17:03
0,0,0,0,0,0,0,0,0,0,M4 Team 2(Clone)6 (UnityEngine.GameObject),0,0,0,0,0,327,0,0,0,0,0,327,11/06/2020 21:16:13,11/06/2020 21:17:03,11/06/2020 21:17:03
0,0,0,0,0,0,0,0,0,0,M4 Team 2(Clone)5 (UnityEngine.GameObject),0,0,0,0,0,363,0,0,0,0,0,363,11/06/2020 21:16:13,11/06/2020 21:17:04,11/06/2020 21:17:04
0,0,0,0,0,0,0,0,0,0,M4 Team 2(Clone)2 (UnityEngine.GameObject),0,0,0,0,0,392,0,0,0,0,0,392,11/06/2020 21:16:13,11/06/2020 21:17:06,11/06/2020 21:17:06
0,0,0,0,0,0,0,0,0,0,M4 Team 2(Clone)7 (UnityEngine.GameObject),0,0,0,0,0,428,0,0,0,0,0,428,11/06/2020 21:16:13,11/06/2020 21:17:08,11/06/2020 21:17:08
72,0,0,0,0,0,0,0,0,1,M4 Team 2(Clone)3 (UnityEngine.GameObject),0,0,0,0,0,274,0,0,0,0,0,274,11/06/2020 21:18:59,11/06/2020 21:19:47,11/06/2020 21:19:47
72,0,0,0,0,0,0,0,0,1,M4 Team 2(Clone)4 (UnityEngine.GameObject),0,0,0,0,0,308,0,0,0,0,0,308,11/06/2020 21:18:59,11/06/2020 21:19:48,11/06/2020 21:19:48
72,0,0,0,0,0,0,0,0,1,M4 Team 2(Clone)7 (UnityEngine.GameObject),0,0,0,0,0,337,0,0,0,0,0,337,11/06/2020 21:18:59,11/06/2020 21:19:50,11/06/2020 21:19:50
72,0,0,0,0,0,0,0,0,1,M4 Team 2(Clone)5 (UnityEngine.GameObject),0,0,0,0,0,365,0,0,0,0,0,365,11/06/2020 21:18:59,11/06/2020 21:19:51,11/06/2020 21:19:51
72,0,0,0,0,0,0,0,0,1,M4 Team 2(Clone)6 (UnityEngine.GameObject),0,0,0,0,0,391,0,0,0,0,0,391,11/06/2020 21:18:59,11/06/2020 21:19:52,11/06/2020 21:19:52
0,0,0,0,0,0,0,0,0,0,M4 Team 2(Clone)5 (UnityEngine.GameObject),0,0,0,0,0,293,0,0,0,0,0,293,11/06/2020 21:25:03,11/06/2020 21:25:55,11/06/2020 21:25:55
0,0,0,0,0,0,0,0,0,0,M4 Team 2(Clone)6 (UnityEngine.GameObject),0,0,0,0,0,326,0,0,0,0,0,326,11/06/2020 21:25:03,11/06/2020 21:25:58,11/06/2020 21:25:58
0,0,0,0,0,0,0,0,0,0,M4 Team 2(Clone)5 (UnityEngine.GameObject),0,0,0,0,0,355,0,0,0,0,0,355,11/06/2020 21:25:03,11/06/2020 21:26:00,11/06/2020 21:26:00
0,0,0,0,0,0,0,0,0,0,M4 Team 2(Clone)5 (UnityEngine.GameObject),0,0,0,0,0,279,0,0,0,0,0,279,11/06/2020 21:31:23,11/06/2020 21:32:17,11/06/2020 21:32:17
0,0,0,0,0,0,0,0,0,0,M4 Team 2(Clone)7 (UnityEngine.GameObject),0,0,0,0,0,312,0,0,0,0,0,312,11/06/2020 21:31:23,11/06/2020 21:32:17,11/06/2020 21:32:17
0,0,0,0,0,0,0,0,0,0,M4 Team 2(Clone)8 (UnityEngine.GameObject),0,0,0,0,0,343,0,0,0,0,0,343,11/06/2020 21:31:23,11/06/2020 21:32:17,11/06/2020 21:32:17
0,0,0,0,0,0,0,0,0,0,M4 Team 2(Clone)6 (UnityEngine.GameObject),0,0,0,0,0,378,0,0,0,0,0,378,11/06/2020 21:31:23,11/06/2020 21:32:20,11/06/2020 21:32:20
0,0,0,0,0,0,0,0,0,0,M4 Team 2(Clone)5 (UnityEngine.GameObject),0,0,0,0,0,405,0,0,0,0,0,405,11/06/2020 21:31:23,11/06/2020 21:32:22,11/06/2020 21:32:22
0,0,0,0,0,0,0,0,0,0,M4 Team 2(Clone)4 (UnityEngine.GameObject),0,0,0,0,0,298,0,0,0,0,0,298,11/06/2020 21:36:22,11/06/2020 21:37:19,11/06/2020 21:37:19
0,0,0,0,0,0,0,0,0,0,M4 Team 2(Clone)3 (UnityEngine.GameObject),0,0,0,0,0,327,0,0,0,0,0,327,11/06/2020 21:36:22,11/06/2020 21:37:21,11/06/2020 21:37:21
0,0,0,0,0,0,0,0,0,0,M4 Team 2(Clone)4 (UnityEngine.GameObject),0,0,0,0,0,355,0,0,0,0,0,355,11/06/2020 21:36:22,11/06/2020 21:37:23,11/06/2020 21:37:24
312,0,0,0,0,0,0,0,0,5,M4 Team 2(Clone)9 (UnityEngine.GameObject),0,0,0,0,0,274,0,0,0,0,0,274,11/06/2020 22:04:14,11/06/2020 22:05:51,11/06/2020 22:05:51
312,0,0,0,0,0,0,0,0,5,M4 Team 2(Clone)7 (UnityEngine.GameObject),0,0,0,0,0,303,0,0,0,0,0,303,11/06/2020 22:04:14,11/06/2020 22:05:52,11/06/2020 22:05:52
312,0,0,0,0,0,0,0,0,5,M4 Team 2(Clone)9 (UnityEngine.GameObject),0,0,0,0,0,338,0,0,0,0,0,338,11/06/2020 22:04:14,11/06/2020 22:05:53,11/06/2020 22:05:53
312,0,0,0,0,0,0,0,0,5,M4 Team 2(Clone)7 (UnityEngine.GameObject),0,0,0,0,0,374,0,0,0,0,0,374,11/06/2020 22:04:14,11/06/2020 22:05:55,11/06/2020 22:05:55
240,0,0,0,0,0,0,0,0,4,Tank Team2(Clone)4 (UnityEngine.GameObject),0,0,0,0,0,281,0,0,0,0,0,281,11/06/2020 22:42:05,11/06/2020 22:43:18,11/06/2020 22:43:18
240,0,0,0,0,0,0,0,0,4,Tank Team2(Clone)8 (UnityEngine.GameObject),0,0,0,0,0,309,0,0,0,0,0,309,11/06/2020 22:42:05,11/06/2020 22:43:23,11/06/2020 22:43:23
240,0,0,0,0,0,0,0,0,4,Tank Team2(Clone)8 (UnityEngine.GameObject),0,0,0,0,0,337,0,0,0,0,0,337,11/06/2020 22:42:05,11/06/2020 22:43:24,11/06/2020 22:43:24
0,0,0,0,0,0,0,0,0,0,M4 Team 2(Clone)3 (UnityEngine.GameObject),0,0,0,0,0,296,0,0,0,0,0,296,12/06/2020 12:42:12,12/06/2020 12:44:11,12/06/2020 12:44:11
356,0,0,0,0,0,0,0,0,6,Tank Team2(Clone)10 (UnityEngine.GameObject),0,0,0,0,0,284,0,0,0,0,0,284,12/06/2020 14:22:47,12/06/2020 14:26:05,12/06/2020 14:26:05
356,0,0,0,0,0,0,0,0,6,Tank Team2(Clone)10 (UnityEngine.GameObject),0,0,0,0,0,319,0,0,0,0,0,319,12/06/2020 14:22:47,12/06/2020 14:26:05,12/06/2020 14:26:05
